url_path,views_total,views_unique
/Infinity-Vault/Programiranje-I,2127,599
/Infinity-Vault/Programiranje-I/blob/main/Zadatak%201/Postavke.md,1131,343
/Infinity-Vault/Programiranje-I/blob/main/Zadatak%203/Postavke.md,1072,333
/Infinity-Vault/Programiranje-I/blob/main/Zadatak%204/Postavke.md,998,319
/Infinity-Vault/Programiranje-I/blob/main/Zadatak%202/Postavke.md,930,291
/Infinity-Vault/Programiranje-I/tree/main/Zadatak%201,548,206
/Infinity-Vault/Programiranje-I/blob/main/Zadatak%203/01.cpp,460,168
/Infinity-Vault/Programiranje-I/tree/main/Zadatak%203,455,181
/Infinity-Vault/Programiranje-I/tree/main/Zadatak%202,454,165
/Infinity-Vault/Programiranje-I/tree/main/Zadatak%204,445,176
